-- Active: 1683028247022@@127.0.0.1@3306@bookstore
USE bookstore;
SET FOREIGN_KEY_CHECKS=0;
SET SQL_MODE = "NO_AUTO_VALUE_ON_ZERO";
START TRANSACTION;
SET time_zone = "+00:00";

INSERT INTO `addresses` (`id`, `user_id`, `street`, `city`, `state`, `zip`) VALUES
(1, 1, '123 Main St', 'New York', 'NY', '10001'),
(2, 2, '456 Elm Ave', 'Los Angeles', 'CA', '90001'),
(3, 3, '789 Oak Ln', 'Chicago', 'IL', '60601'),
(4, 4, '101 Maple Dr', 'Houston', 'TX', '77001'),
(5, 5, '234 Cedar Blvd', 'Philadelphia', 'PA', '19101'),
(6, 6, '567 Pine Rd', 'Phoenix', 'AZ', '85001'),
(7, 7, '890 Walnut St', 'San Antonio', 'TX', '78201'),
(8, 8, '111 Cherry Ave', 'San Diego', 'CA', '92101'),
(9, 9, '222 Orange Blvd', 'Dallas', 'TX', '75201'),
(10, 10, '333 Grape St', 'San Francisco', 'CA', '94101'),
(11, 11, '444 Lemon Dr', 'Miami', 'FL', '33101'),
(12, 12, '555 Peach Ln', 'Seattle', 'WA', '98101'),
(13, 13, '666 Plum Rd', 'Denver', 'CO', '80201'),
(14, 14, '777 Apple St', 'Boston', 'MA', '02101'),
(15, 15, '888 Banana Ave', 'Detroit', 'MI', '48201'),
(16, 16, '999 Mango Blvd', 'Portland', 'OR', '97201'),
(17, 17, '123 Pineapple Dr', 'Oakland', 'CA', '94601'),
(18, 18, '456 Coconut Ln', 'Charlotte', 'NC', '28201'),
(19, 19, '789 Papaya Rd', 'Las Vegas', 'NV', '89101'),
(20, 20, '101 Kiwi Blvd', 'Memphis', 'TN', '38101'),
(21, 21, '234 Durian St', 'Louisville', 'KY', '40201'),
(22, 22, '567 Blueberry Dr', 'Raleigh', 'NC', '27601'),
(23, 23, '890 Cranberry Ave', 'Cleveland', 'OH', '44101'),
(24, 24, '111 Pine St', 'Tampa', 'FL', '33601'),
(25, 25, '222 Elmwood Blvd', 'Orlando', 'FL', '32801'),
(26, 26, '333 Birch Ave', 'Denver', 'CO', '80202'),
(27, 27, '444 Oak Hill Rd', 'St. Louis', 'MO', '63101'),
(28, 28, '555 Maplewood Ave', 'Kansas City', 'MO', '64101'),
(29, 29, '666 Cedar St', 'Nashville', 'TN', '37201'),
(30, 30, '777 Walnut Hill Rd', 'Indianapolis', 'IN', '46201'),
(31, 31, '888 Cherry Ln', 'Louisville', 'KY', '40202'),
(32, 32, '999 Peachtree St', 'Atlanta', 'GA', '30301'),
(33, 33, '1212 Plumwood Dr', 'Austin', 'TX', '78701'),
(34, 34, '2323 Lemonwood Ln', 'San Jose', 'CA', '95101'),
(35, 35, '3434 Grapevine Ave', 'Houston', 'TX', '77002'),
(36, 36, '4545 Orange Grove Rd', 'Dallas', 'TX', '75202'),
(37, 37, '5656 Pineapple St', 'Miami', 'FL', '33102'),
(38, 38, '6767 Coconut Ave', 'Tallahassee', 'FL', '32301'),
(39, 39, '7878 Papaya Ln', 'Phoenix', 'AZ', '85002'),
(40, 40, '8989 Kiwi Dr', 'Las Vegas', 'NV', '89102'),
(41, 41, '10010 Durian Blvd', 'San Francisco', 'CA', '94102'),
(42, 42, '11111 Blueberry Ave', 'Detroit', 'MI', '48202'),
(43, 43, '22222 Cranberry St', 'Chicago', 'IL', '60602'),
(44, 44, '33333 Peachtree Ave', 'New York', 'NY', '10002'),
(45, 45, '44444 Cedar Blvd', 'Los Angeles', 'CA', '90002'),
(46, 46, '55555 Walnut Hill Rd', 'Denver', 'CO', '80203'),
(47, 47, '66666 Oak Hill Ln', 'Seattle', 'WA', '98102'),
(48, 48, '77777 Maplewood Dr', 'Kansas City', 'MO', '64102'),
(49, 49, '88888 Pineapple Blvd', 'Philadelphia', 'PA', '19102'),
(50, 50, '99999 Coconut Ave', 'Charlotte', 'NC', '28202');

INSERT INTO `authors` (`id`, `name`, `description`) VALUES
(1, 'J.K. Rowling', 'British author, best known for writing the Harry Potter series'),
(2, 'Stephen King', 'American author of horror, supernatural fiction, suspense, and fantasy novels'),
(3, 'Agatha Christie', 'English writer, known for her detective novels and short stories'),
(4, 'Leo Tolstoy', 'Russian writer, considered one of the greatest authors of all time'),
(5, 'Jane Austen', 'English novelist, known for her romantic fiction'),
(6, 'Ernest Hemingway', 'American journalist, novelist, and short-story writer, awarded the Nobel Prize in Literature'),
(7, 'George Orwell', 'English novelist, essayist, and journalist, best known for his dystopian novel 1984'),
(8, 'Harper Lee', 'American novelist, known for her Pulitzer Prize-winning novel To Kill a Mockingbird'),
(9, 'Mark Twain', 'American writer, humorist, entrepreneur, publisher, and lecturer, known for his novels The Adventures of Tom Sawyer and Adventures of Huckleberry Finn'),
(10, 'Gabriel Garcia Marquez', 'Colombian novelist, short-story writer, screenwriter, and journalist, awarded the Nobel Prize in Literature'),
(11, 'William Shakespeare', 'English playwright, poet, and actor, widely regarded as the greatest writer in the English language'),
(12, 'Charles Dickens', 'English writer and social critic, regarded as one of the greatest novelists of the Victorian era'),
(13, 'Fyodor Dostoevsky', 'Russian novelist, short-story writer, essayist, and philosopher, known for his psychological depth and insight'),
(14, 'Virginia Woolf', 'English writer, considered one of the most important modernist 20th-century authors and a pioneer in the use of stream of consciousness as a narrative device'),
(15, 'Franz Kafka', 'Czech writer, regarded as one of the most significant figures of 20th-century literature'),
(16, 'Hermann Hesse', 'German-born Swiss poet, novelist, and painter, awarded the Nobel Prize in Literature'),
(17, 'Albert Camus', 'French philosopher, author, and journalist, awarded the Nobel Prize in Literature'),
(18, 'Toni Morrison', 'American novelist, essayist, book editor, and college professor, awarded the Nobel Prize in Literature'),
(19, 'Jorge Luis Borges', 'Argentine short-story writer, essayist, poet, and translator, known for his philosophical fiction'),
(20, 'Chinua Achebe', 'Nigerian novelist, poet, professor, and critic, known for his novels such as Things Fall Apart'),
(21, 'J.R.R. Tolkien', 'English writer, poet, philologist, and university professor, best known for The Lord of the Rings trilogy'),
(22, 'Rudyard Kipling', 'English journalist, short-story writer, poet, and novelist, awarded the Nobel Prize in Literature'),
(23, 'George R.R. Martin', 'American novelist and screenwriter, best known for his series A Song of Ice and Fire, adapted into the television series Game of Thrones'),
(24, 'Gabriela Mistral', 'Chilean poet, educator, diplomat, and feminist, awarded the Nobel Prize in Literature'),
(25, 'Octavio Paz', 'Mexican poet, essayist, and intellectual, awarded the Nobel Prize in Literature'),
(26, 'Isabel Allende', 'Chilean writer, known for her novels such as The House of the Spirits and City of the Beasts'),
(27, 'John Steinbeck', 'American author and winner of the Nobel Prize in Literature, known for his works such as Of Mice and Men and The Grapes of Wrath'),
(28, 'Kazuo Ishiguro', 'British novelist, screenwriter, and short-story writer, awarded the Nobel Prize in Literature'),
(29, 'Pablo Neruda', 'Chilean poet-diplomat and politician, awarded the Nobel Prize in Literature'),
(30, 'Haruki Murakami', 'Japanese writer and translator, best known for his novels such as Norwegian Wood and Kafka on the Shore'),
(31, 'Ursula K. Le Guin', 'American author of speculative fiction, science fiction, fantasy, and children\'s literature, awarded the National Book Award and Hugo Award'),
(32, 'Margaret Atwood', 'Canadian poet, novelist, literary critic, essayist, and environmental activist, awarded the Booker Prize and Arthur C. Clarke Award'),
(33, 'Arthur Conan Doyle', 'British writer, creator of Sherlock Holmes and Dr. Watson'),
(34, 'Jules Verne', 'French novelist, poet, and playwright, known for his adventure novels such as Around the World in Eighty Days'),
(35, 'Neil Gaiman', 'English author of short fiction, novels, comic books, graphic novels, audio theatre, and films, awarded the Hugo, Nebula, Bram Stoker, and Locus awards'),
(36, 'Salman Rushdie', 'British Indian novelist and essayist, awarded the Booker Prize and the Best of the Bookers, controversial for his novel The Satanic Verses'),
(37, 'Gustave Flaubert', 'French novelist, considered one of the greatest Western writers of all time, best known for his novel Madame Bovary'),
(38, 'Victor Hugo', 'French poet, novelist, and dramatist, best known for his works Les Misérables and The Hunchback of Notre-Dame'),
(39, 'Alexandre Dumas', 'French writer, known for his historical adventure novels such as The Three Musketeers and The Count of Monte Cristo'),
(40, 'Walt Whitman', 'American poet, essayist, and journalist, known for his collection Leaves of Grass and considered one of America\'s most influential poets');

INSERT INTO `books` (`isbn`, `title`, `description`, `image`, `price`, `quantity`, `status`, `publisher_id`, `author_id`) VALUES
('9780000000010', 'The Hobbit', 'Fantasy novel by J.R.R. Tolkien, about a hobbit who embarks on a quest to reclaim stolen treasure from a dragon', 'https://images-na.ssl-images-amazon.com/images/I/91DW75xGJbL.jpg', 150000, 50, 'available', 1, 21),
('9780000000021', 'The Lord of the Rings: The Fellowship of the Ring', 'First part of the epic fantasy novel series by J.R.R. Tolkien, follows Frodo Baggins and his companions as they journey through Middle-earth to destroy the One Ring', 'https://images-na.ssl-images-amazon.com/images/I/51Q+2H4-nQL._SX331_BO1,204,203,200_.jpg', 200000, 30, 'available', 1, 21),
('9780000000032', 'The Lord of the Rings: The Two Towers', 'Second part of the epic fantasy novel series by J.R.R. Tolkien, continues the journey of Frodo Baggins and his companions as they face new challenges and dangers', 'https://images-na.ssl-images-amazon.com/images/I/518VBMv8nHL._SX331_BO1,204,203,200_.jpg', 200000, 30, 'available', 1, 21),
('9780000000043', 'The Lord of the Rings: The Return of the King', 'Final part of the epic fantasy novel series by J.R.R. Tolkien, brings the quest to destroy the One Ring to its ultimate conclusion', 'https://images-na.ssl-images-amazon.com/images/I/51aUyT9mSML._SX331_BO1,204,203,200_.jpg', 250000, 20, 'available', 1, 21),
('9780000000054', 'The Jungle Book', 'Collection of stories by Rudyard Kipling, set in India and featuring animal characters such as Baloo the bear and Bagheera the black panther', 'https://images-na.ssl-images-amazon.com/images/I/91Dgx6cVpGL.jpg', 100000, 50, 'available', 2, 22),
('9780000000065', 'A Song of Ice and Fire: A Game of Thrones', 'First part of the epic fantasy novel series by George R.R. Martin, set in a medieval-like world of warring kingdoms and political intrigue', 'https://images-na.ssl-images-amazon.com/images/I/51QfLaG0xSL._SX331_BO1,204,203,200_.jpg', 250000, 20, 'available', 3, 23),
('9780000000076', 'A Song of Ice and Fire: A Clash of Kings', 'Second part of the epic fantasy novel series by George R.R. Martin, continues the story of the struggle for power among the noble houses of Westeros', 'https://images-na.ssl-images-amazon.com/images/I/51gBjYIHB9L._SX331_BO1,204,203,200_.jpg', 300000, 15, 'available', 3, 23),
('9780000000087', 'A Song of Ice and Fire: A Storm of Swords', 'Third part of the epic fantasy novel series by George R.R. Martin, features major battles and political upheaval as the war for the Iron Throne reaches its climax', 'https://images-na.ssl-images-amazon.com/images/I/41ZaM1niDBL._SX331_BO1,204,203,200_.jpg', 350000, 10, 'available', 3, 23),
('9780000000098', 'Love in the Time of Cholera', 'Novel by Gabriel García Márquez, tells the story of a love triangle set in a fictional South American country', 'https://images-na.ssl-images-amazon.com/images/I/51b5X9Bab0L.jpg', 120000, 40, 'available', 4, 24),
('9780000000104', 'One Hundred Years of Solitude', 'Novel by GabrielGarcía Márquez, chronicles the history of the Buendía family over seven generations in the fictional town of Macondo', 'https://images-na.ssl-images-amazon.com/images/I/51JxMOnU6QL._SX331_BO1,204,203,200_.jpg', 150000, 30, 'available', 4, 24),
('9780000000115', 'The Picture of Dorian Gray', 'Gothic novel by Oscar Wilde, tells the story of a young man who stays forever young while his portrait ages and reflects his moral decay', 'https://images-na.ssl-images-amazon.com/images/I/51UVNZbW1jL._SX331_BO1,204,203,200_.jpg', 80000, 50, 'available', 5, 25),
('9780000000126', 'Pride and Prejudice', 'Novel by Jane Austen, follows the romantic courtship of Elizabeth Bennet and Mr. Darcy, and explores themes of class, marriage, and social norms in Regency-era England', 'https://images-na.ssl-images-amazon.com/images/I/51TPY7RwKzL._SX331_BO1,204,203,200_.jpg', 90000, 50, 'available', 6, 26),
('9780000000137', 'To Kill a Mockingbird', 'Novel by Harper Lee, set in the 1930s in the fictional town of Maycomb, Alabama, and explores issues of racial injustice through the eyes of protagonist Scout Finch', 'https://images-na.ssl-images-amazon.com/images/I/51eRhJluXPL._SX331_BO1,204,203,200_.jpg', 120000, 40, 'available', 7, 27),
('9780000000148', 'The Great Gatsby', 'Novel by F. Scott Fitzgerald, set in the Roaring Twenties and explores themes of love, wealth, and the American Dream through the eyes of narrator Nick Carraway and his mysterious neighbor Jay Gatsby', 'https://images-na.ssl-images-amazon.com/images/I/51sm6WzGx7L._SX331_BO1,204,203,200_.jpg', 100000, 40, 'available', 8, 28),
('9780000000159', 'Brave New World', 'Dystopian novel by Aldous Huxley, set in a future society where citizens are genetically engineered and conditioned to conform to their assigned social roles', 'https://images-na.ssl-images-amazon.com/images/I/51p07mck1hL._SX331_BO1,204,203,200_.jpg', 150000, 30, 'available', 9, 29),
('9780000000160', '1984', 'Dystopian novel by George Orwell, set in a totalitarian regime where citizens are subjected to constant surveillance and propaganda', 'https://images-na.ssl-images-amazon.com/images/I/51Zd5OgJmeL._SX331_BO1,204,203,200_.jpg', 120000, 35, 'available', 10, 30),
('9780000000171', 'Animal Farm', 'Allegorical novella by George Orwell, tells the story of a group of farm animals who rebel against their human farmer and establish their own society, but soon discover that some animals are more equal than others', 'https://images-na.ssl-images-amazon.com/images/I/417M9Jc-VLL._SX331_BO1,204,203,200_.jpg', 80000, 50, 'available', 10, 30),
('9780000000182', 'The Catcher in the Rye', 'Novel by J.D. Salinger, follows the adventures and misadventures of teenage protagonist Holden Caulfield as he navigates the challenges of growing up', 'https://images-na.ssl-images-amazon.com/images/I/51c1U8uAzbL._SX331_BO1,204,203,200_.jpg', 90000, 40, 'available', 11, 31),
('9780000000193', 'The Chronicles of Narnia: The Lion, the Witch and the Wardrobe', 'Fantasy novel by C.S. Lewis, tells the story of four siblings who discover a magical world through a wardrobe', 'https://images-na.ssl-images-amazon.com/images/I/51oN%2BdKfMNL._SX331_BO1,204,203,200_.jpg', 100000, 35, 'available', 12, 32),
('9780000000209', 'The Hitchhiker\'s Guide to the Galaxy', 'Humorous science fiction series by Douglas Adams, follows the misadventures of hapless human Arthur Dent and his alien friend Ford Prefect as they travel through space and time', 'https://images-na.ssl-images-amazon.com/images/I/51yW8PvKtSL._SX331_BO1,204,203,200_.jpg', 80000, 50, 'available', 13, 33),
('9780000000210', 'The Da Vinci Code', 'Mystery thriller novel by Dan Brown, follows symbologist Robert Langdon as he investigates a murder in Paris and uncovers a conspiracy involving the Holy Grail and the Catholic Church', 'https://images-na.ssl-images-amazon.com/images/I/41HqeWPzNOL._SX331_BO1,204,203,200_.jpg', 150000, 25, 'available', 14, 34),
('9780000000221', 'Harry Potter and the Philosopher\'s Stone', 'Fantasy novel by J.K. Rowling, introduces young wizard Harry Potter and his friends Ron Weasley and Hermione Granger as they attend Hogwarts School of Witchcraft and Wizardry', 'https://images-na.ssl-images-amazon.com/images/I/91gH1BMVfkL.jpg', 120000, 30, 'available', 15, 35),
('9780000000232', 'Harry Potter and the Chamber of Secrets', 'Second book in the Harry Potter series, follows Harry and his friends as they investigate a mysterious monster that is attacking students at Hogwarts', 'https://images-na.ssl-images-amazon.com/images/I/91QnGxJxRbL.jpg', 130000, 30, 'available', 15, 35),
('9780000000243', 'Harry Potter and the Prisoner of Azkaban', 'Third book in the Harry Potter series, sees Harry and his friends confront Sirius Black, an escaped prisoner who is believed to be a dangerous wizard', 'https://images-na.ssl-images-amazon.com/images/I/91dYwMwvKQL.jpg', 140000, 25, 'available', 15, 35),
('9780000000254', 'Harry Potter and the Goblet of Fire', 'Fourth book in the Harry Potter series, features the Triwizard Tournament and the return of the evil Lord Voldemort', 'https://images-na.ssl-images-amazon.com/images/I/91O-1Ejyd2L.jpg', 150000, 20, 'available', 15, 35),
('9780000000265', 'Harry Potter and the Order of Phoenix', 'Fifth book in the Harry Potter series, sees Harry and his friends form Dumbledore\'s Army to resist the tyranny of Dolores Umbridge and the Ministry of Magic', 'https://images-na.ssl-images-amazon.com/images/I/91sU53J6H-L.jpg', 160000, 20, 'available', 15, 35),
('9780000000276', 'Harry Potter and the Half-Blood Prince', 'Sixth book in the Harry Potter series, delves deeper into the past of Lord Voldemort and reveals his connection to Harry', 'https://images-na.ssl-images-amazon.com/images/I/91lG%2BzVV7GL.jpg', 170000, 15, 'available', 15, 35),
('9780000000287', 'Harry Potter and the Deathly Hallows', 'Seventh and final book in the Harry Potter series, brings the epic battle between good and evil to its ultimate conclusion', 'https://images-na.ssl-images-amazon.com/images/I/91lOJgV7oZL.jpg', 180000, 10, 'available', 15, 35);

INSERT INTO `categories` (`id`, `name`) VALUES
(1, 'Fiction'),
(2, 'Non-fiction'),
(3, 'Biography'),
(4, 'Autobiography'),
(5, 'History'),
(6, 'Science'),
(7, 'Technology'),
(8, 'Arts'),
(9, 'Travel'),
(10, 'Cooking'),
(11, 'Self-help'),
(12, 'Religion'),
(13, 'Philosophy'),
(14, 'Psychology'),
(15, 'Business'),
(16, 'Finance'),
(17, 'Education'),
(18, 'Children\'s'),
(19, 'Young Adult'),
(20, 'Mystery/Thriller'),
(21, 'Romance'),
(22, 'Fantasy'),
(23, 'Science Fiction'),
(24, 'Horror'),
(25, 'Comics & Graphic Novels'),
(26, 'Manga'),
(27, 'Art & Design'),
(28, 'Crafts & Hobbies'),
(29, 'Sports & Recreation'),
(30, 'Health & Fitness'),
(31, 'Nature'),
(32, 'Environment'),
(33, 'Reference'),
(34, 'Social Sciences'),
(35, 'Politics'),
(36, 'Law'),
(37, 'True Crime'),
(38, 'Journalism'),
(39, 'Memoir'),
(40, 'Essays'),
(41, 'Literary Criticism'),
(42, 'Drama'),
(43, 'Poetry'),
(44, 'Music'),
(45, 'Film & Television'),
(46, 'Humor'),
(47, 'Gardening'),
(48, 'Pets'),
(49, 'Parenting'),
(50, 'Spirituality');

INSERT INTO `categories_books` (`categories_id`, `books_isbn`) VALUES
( 1 , 9780000000010 ),
( 3 , 9780000000021 ),
( 4 , 9780000000032 ),
( 5 , 9780000000043 ),
( 1 , 9780000000054 ),
( 6 , 9780000000065 ),
( 5 , 9780000000076 ),
( 7 , 9780000000087 ),
( 7 , 9780000000098 ),
( 8 , 9780000000104 ),
( 11 , 9780000000115 ),
( 12 , 9780000000126 ),
( 13 , 9780000000137 ),
( 14 , 9780000000148 ),
( 14 , 9780000000159 ),
( 16 , 9780000000160 ),
( 15 , 9780000000171 ),
( 14 , 9780000000182 ),
( 18 , 9780000000193 ),
( 14 , 9780000000209 ),
( 16 , 9780000000210 ),
( 14 , 9780000000221 ),
( 14 , 9780000000232 ),
( 18 , 9780000000243 ),
( 19 , 9780000000254 ),
( 11 , 9780000000265 ),
( 17 , 9780000000276 ),
( 1 , 9780000000287 );


INSERT INTO `employees` (`user_id`, `salary`, `employee_type`, `contact_information`) VALUES
(2, 10000, 'employee_manager', 'employee1@example.com'),
(3, 15101, 'employee_sales', 'employee2@example.com'),
(4, 12000, 'employee_sales', 'employee3@example.com'),
(5, 10000, 'employee_manager', 'employee4@example.com'),
(6, 15101, 'employee_sales', 'employee5@example.com'),
(7, 12000, 'employee_sales', 'employee6@example.com'),
(8, 10000, 'employee_manager', 'employee7@example.com'),
(9, 15101, 'employee_sales', 'employee8@example.com'),
(10, 12000, 'employee_sales', 'employee9@example.com');

INSERT INTO `imports` (`id`, `provider_id`, `employee_id`, `total_price`, `created_at`, `updated_at`) VALUES
(1, 23, 3, 150000, '2023-04-20 02:55:50', '2023-04-20 02:55:50'),
(2, 15, 6, 120000, '2023-04-20 02:55:50', '2023-04-20 02:55:50'),
(3, 7, 9, 80000, '2023-04-20 02:55:50', '2023-04-20 02:55:50'),
(4, 31, 2, 200000, '2023-04-20 02:55:50', '2023-04-20 02:55:50'),
(5, 20, 8, 250000, '2023-04-20 02:55:50', '2023-04-20 02:55:50'),
(6, 2, 10, 100000, '2023-04-20 02:55:50', '2023-04-20 02:55:50'),
(7, 12, 4, 180000, '2023-04-20 02:55:50', '2023-04-20 02:55:50'),
(8, 34, 7, 220000, '2023-04-20 02:55:50', '2023-04-20 02:55:50'),
(9, 19, 5, 130000, '2023-04-20 02:55:50', '2023-04-20 02:55:50'),
(10, 38, 2, 300000, '2023-04-20 02:55:50', '2023-04-20 02:55:50'),
(11, 5, 6, 90000, '2023-04-20 02:55:50', '2023-04-20 02:55:50'),
(12, 28, 3, 160000, '2023-04-20 02:55:50', '2023-04-20 02:55:50'),
(13, 16, 8, 240000, '2023-04-20 02:55:50', '2023-04-20 02:55:50'),
(14, 10, 9, 110000, '2023-04-20 02:55:50', '2023-04-20 02:55:50'),
(15, 35, 4, 190000, '2023-04-20 02:55:50', '2023-04-20 02:55:50'),
(16, 25, 7, 280000, '2023-04-20 02:55:50', '2023-04-20 02:55:50'),
(17, 18, 5, 170000, '2023-04-20 02:55:50', '2023-04-20 02:55:50'),
(18, 39, 10, 320000, '2023-04-20 02:55:50', '2023-04-20 02:55:50'),
(19, 6, 2, 70000, '2023-04-20 02:55:50', '2023-04-20 02:55:50'),
(20, 30, 6, 140000, '2023-04-20 02:55:50', '2023-04-20 02:55:50');

INSERT INTO `import_items` (`import_id`, `book_isbn`, `quantity`, `price`) VALUES
(1, '9780000000010', 10, 100000),
(2, '9780000000021', 5, 150000),
(3, '9780000000032', 8, 175000),
(4, '9780000000043', 6, 200000),
(5, '9780000000054', 12, 90000),
(6, '9780000000065', 7, 225000),
(7, '9780000000076', 4, 275000),
(8, '9780000000087', 3, 325000),
(9, '9780000000098', 9, 110000),
(10, '9780000000104', 6, 140000),
(11, '9780000000115', 15, 75000),
(12, '9780000000126', 18, 85000),
(13, '9780000000137', 11, 115000),
(14, '9780000000148', 16, 95000),
(15, '9780000000159', 13, 125000),
(16, '9780000000160', 10, 120000),
(17, '9780000000171', 20, 70000),
(18, '9780000000182', 14, 100000),
(19, '9780000000193', 17, 80000),
(20, '9780000000209', 12, 130000);

INSERT INTO `promotions` (`id`, `description`, `quantity`, `start_date`, `end_date`, `condition_apply`, `discount_percent`, `discount_amount`) VALUES
(1, '30% off fiction books', 100, '2023-05-01', '2023-05-31', NULL, 30, NULL),
(2, 'Buy 2 Books Get 1 Free Book', 50, '2023-04-18', '2023-05-31', 'Applies to books over 200,000VND', NULL, NULL),
(3, '50% off economics books', 80, '2023-05-15', '2023-06-15', NULL, 50, NULL),
(4, 'Give away bookmarks when buying detective books', 120, '2023-04-25', '2023-05-01', NULL, NULL, NULL),
(5, '10% off all books', 250, '2023-05-01', '2023-05-31', 'Applies to orders over 500,000 VND', 10, NULL),
(6, 'Buy 3 books, get 30,000 VND off', 200, '2023-04-25', '2023-05-31', NULL, NULL, 30000),
(7, 'Buy literature books 20% off', 150, '2023-05-01', '2023-05-31', 'Applicable to orders over 300,000 VND', 20, NULL),
(8, '10% off textbooks', 100, '2023-04-25', '2023-05-15', NULL, 10, NULL),
(9, 'Buy 1 book, get free bookmarks', 50, '2023-05-01', '2023-05-31', 'Applies to books over 150,000 VND', NULL, NULL),
(10, 'Discount 50,000 VND when buying natural books', 80, '2023-04-25', '2023-05-31', NULL, NULL, 50000),
(11, 'Giving vouchers to buy books worth VND 100,000', 120, '2023-05-01', '2023-05-31', 'Applicable to orders over VND 800,000', NULL, NULL),
(12, 'Buy children books, get free picture books', 200, '2023-04-18', '2023-06-30', 'Applicable to orders over 400,000 VND', NULL, NULL),
(13, '20% off foreign language books', 70, '2023-05-01', '2023-05-31', NULL, 20, NULL),
(14, 'Buy 1 book for 10,000 VND off', 100, '2023-04-25', '2023-05-31', NULL, NULL, 10000),
(15, '30% off all comic books', 80, '2023-05-01', '2023-05-15', NULL, 30, NULL),
(16, 'Giving a voucher to buy a book worth VND 50,000', 150, '2023-04-18', '2023-05-31', 'Applicable to orders over 300,000 VND', NULL, NULL),
(17, 'Buy 1 economic book, get free bookmark', 50, '2023-05-01', '2023-05-31', 'Apply to books over 200,000 VND', NULL, NULL),
(18, '20% off textbooks', 150, '2023-05-01', '2023-05-31', 'Applies to orders over 400,000 VND', 20, NULL),
(19, 'Buy economics books 15% off', 100, '2023-04-25', '2023-05-31', NULL, 15, NULL);

INSERT INTO `providers` (`id`, `name`, `description`) VALUES
(1, 'Thanh Cong Bookstore', 'Prestigious bookstore specializing in providing all kinds of books of literature, economics, natural science,...'),
(2, 'Fahasa Bookstore', 'Vietnam largest bookstore with thousands of rich books.'),
(3, 'Tiki Bookstore', 'Vietnam famous online sales brand providing the latest and highest quality book products.'),
(4, 'Phuong Nam Bookstore', 'Specializing in providing good books and textbooks to meet the needs of pupils and students.'),
(5, 'Vinabook Bookstore', 'High quality online bookstore that regularly updates the latest books.'),
(6, 'Hung Vuong Book', 'Book store specializing in providing all kinds of books on economics, investment, management...'),
(7, 'Quang Trung Bookstore', 'Online bookstore with all kinds of books for you to choose from.'),
(8, 'PNC Bookstore', 'Specializing in providing all kinds of books for students at preferential prices.'),
(9, 'Dong A Book', 'Bookstore specializing in providing all kinds of literary books, foreign language books, novels,...'),
(10, 'Lao Lao Bookstore', 'Prestige and reliable bookstore with high quality products.'),
(11, 'Textbook Bookstore', 'Specializing in selling textbooks to students from elementary to high school.'),
(12, 'Pandora Bookstore', 'Vietnam famous bookstore brand with the latest and greatest books.'),
(13, 'Nhan Tri Bookstore', 'Bookstore specializing in providing good quality books at affordable prices.'),
(14, 'Bach Khoa Bookstore', 'The favorite bookstore of young people with all kinds of comic books, novels, general knowledge,...'),
(15, 'Minh Khai Book', 'Bookstore specializing in providing all kinds of books on economics, finance, investment and management.'),
(16, 'Children Books', 'Book stores specializing in providing all kinds of comic books, novels,... for young people.'),
(17, 'DS Bookstore', 'Reputable online bookstore with a full range of books.'),
(18, 'Nha Nam Bookstore', 'A bookstore specializing in history, politics, culture...'),
(19, 'Kim Dong Bookstore', 'Vietnam famous bookstore brand with textbooks for students.'),
(20, 'Nha Xuat Ban Tre', 'Publishing house specializing in the production and distribution of children books.'),
(21, 'Young Knowledge', 'Book store specializing in general knowledge, business, management,...'),
(22, 'Hanoi Online Books', 'Online bookstores in Hanoi with a wide range of books, from textbooks to reference books.'),
(23, 'Text Bookstore', 'Specializing in providing all kinds of books of literature, economics, natural sciences...'),
(24, 'Phuong Nam Bookstore', 'Reputable bookstore specializing in providing a wide range of books for readers.'),
(25, 'Medical Books', 'Bookstore specializing in providing books on medicine, health and life.'),
(26, 'General Bookstore', 'Online bookstore with the latest and greatest books.'),
(27, 'Nguyen Van Cu Bookstore', 'People favorite bookstore in Hai Phong city.'),
(28, 'Phan Dinh Phung Bookstore', 'Book store in Buon Ma Thuot city with high quality products.'),
(29, 'Book Street', 'Online bookstore specializing in providing all kinds of good books, general knowledge.'),
(30, 'Book of Tam Duc', 'Book store specializing in providing books on Buddhism and spirituality.'),
(31, 'Hanoi Bookstore', 'Prestigious bookstore in Hanoi with a wide variety of books.'),
(32, 'Financial Books', 'Bookstores specializing in providing books on finance, investment...'),
(33, 'Office Books', 'Book stores specializing in providing books on information technology, office skills...'),
(34, 'Bui Thi Xuan Bookstore', 'Bookstore specializing in providing all kinds of literary books, novels,...'),
(35, 'Khai Tri Books', 'Book stores specializing in providing all kinds of books about comics, novels... for young people.'),
(36, 'Phan Boi Chau Bookstore', 'Book store in Vinh city specializing in providing a variety of good and rich books.'),
(37, 'Hoa Sua Bookstore', 'People favorite bookstore in Da Lat city.'),
(38, 'Books of the Philosopher', 'Book stores in Ho Chi Minh City specializing in providing books on philosophy, humanities...'),
(39, 'Thai Ha Books', 'Bookstores specializing in providing all kinds of literature, economics, natural sciences... in Hanoi.'),
(40, 'Ngo Quyen Books', 'Book stores in Hai Phong city with all kinds of books for you to choose from.');

INSERT INTO `publishers` (`id`, `name`, `description`) VALUES
(1, 'Penguin Random House', 'One of the largest English-language trade book publishers in the world'),
(2, 'HarperCollins', 'Global publishing company owned by News Corp with a focus on consumer book publishing'),
(3, 'Hachette Livre', 'Second largest trade book publisher in the world and a subsidiary of the French media group Lagardère'),
(4, 'Simon & Schuster', 'American publishing company founded in New York City in 1924 and owned by ViacomCBS'),
(5, 'Macmillan Publishers', 'British-owned publishing company headquartered in London with offices in 41 countries worldwide'),
(6, 'Wiley', 'Global publishing company that specializes in academic publishing and instructional materials'),
(7, 'Pearson Education', 'British-owned education publishing and assessment service to schools and corporations'),
(8, 'Oxford University Press', 'Department of the University of Oxford, publishing over 6,000 new titles a year'),
(9, 'Cambridge University Press', 'Publishing business of the University of Cambridge, one of the oldest and most prestigious academic publishers in the world'),
(10, 'Scholastic Corporation', 'American multinational publishing, education, and media company known for publishing educational materials for schools, teachers, and parents'),
(11, 'Bloomsbury Publishing', 'Independent British publishing house established in 1986'),
(12, 'Random House', 'International publishing company based in New York City, formed from the merger of Random House and Penguin Group'),
(13, 'Houghton Mifflin Harcourt', 'American publishing company based in Boston, Massachusetts, specializing in textbooks and educational materials'),
(14, 'Harvard University Press', 'Academic publishing house, a division of Harvard University, headquartered in Cambridge, Massachusetts'),
(15, 'MIT Press', 'University press affiliated with the Massachusetts Institute of Technology (MIT)'),
(16, 'Yale University Press', 'Founded in 1908, Yale University Press publishes scholarly works in a variety of disciplines'),
(17, 'Princeton University Press', 'Independent publisher with close connections to Princeton University, publishing books across a range of subject areas'),
(18, 'University of California Press', 'Publishing arm of the University of California system, based in Berkeley, California'),
(19, 'University of Chicago Press', 'Largest university press in the United States, publishing academic and general interest books'),
(20, 'Columbia University Press', 'One of the oldest and largest university presses in the United States, publishing titles in the humanities, social sciences, and sciences');

INSERT INTO `users` (`id`, `username`, `password`, `status`, `name`, `email`, `phone`, `created_at`, `updated_at`, `role`) VALUES
(1, 'admin', '$2a$04$Lc/9YtFRye3r4iHzQ5.LAuRdrpCqcCFUAVh7XKH.cC.l9922J2UGS', 'active', 'Nguyen Van A', 'admin@example.com', '0987654321', '2023-04-20 02:55:50', '2023-04-20 02:55:50', 'admin'),
(2, 'employee_manager', '$2a$04$Lc/9YtFRye3r4iHzQ5.LAuRdrpCqcCFUAVh7XKH.cC.l9922J2UGS', 'active', 'Employee Manager', 'employee_manager@example.com', '0912345678', '2023-04-20 02:55:50', '2023-04-20 02:55:50', 'employee'),
(3, 'employee_sales', '$2a$04$Lc/9YtFRye3r4iHzQ5.LAuRdrpCqcCFUAVh7XKH.cC.l9922J2UGS', 'active', 'Employee Sales', 'employee_sales@example.com', '0923456789', '2023-04-20 02:55:50', '2023-04-20 02:55:50', 'employee'),
(4, 'employee3', '$2a$04$Lc/9YtFRye3r4iHzQ5.LAuRdrpCqcCFUAVh7XKH.cC.l9922J2UGS', 'active', 'Le Thi D', 'employee3@example.com', '0934567890', '2023-04-20 02:55:50', '2023-04-20 02:55:50', 'employee'),
(5, 'employee4', '$2a$04$Lc/9YtFRye3r4iHzQ5.LAuRdrpCqcCFUAVh7XKH.cC.l9922J2UGS', 'active', 'Pham Van E', 'employee4@example.com', '0945678901', '2023-04-20 02:55:50', '2023-04-20 02:55:50', 'employee'),
(6, 'employee5', '$2a$04$Lc/9YtFRye3r4iHzQ5.LAuRdrpCqcCFUAVh7XKH.cC.l9922J2UGS', 'active', 'Do Thi F', 'employee5@example.com', '0956789012', '2023-04-20 02:55:50', '2023-04-20 02:55:50', 'employee'),
(7, 'employee6', '$2a$04$Lc/9YtFRye3r4iHzQ5.LAuRdrpCqcCFUAVh7XKH.cC.l9922J2UGS', 'active', 'Vo Van G', 'employee6@example.com', '0967890123', '2023-04-20 02:55:50', '2023-04-20 02:55:50', 'employee'),
(8, 'employee7', '$2a$04$Lc/9YtFRye3r4iHzQ5.LAuRdrpCqcCFUAVh7XKH.cC.l9922J2UGS', 'active', 'Bui Thi H', 'employee7@example.com', '0978901234', '2023-04-20 02:55:50', '2023-04-20 02:55:50', 'employee'),
(9, 'employee8', '$2a$04$Lc/9YtFRye3r4iHzQ5.LAuRdrpCqcCFUAVh7XKH.cC.l9922J2UGS', 'active', 'Ho Van I', 'employee8@example.com', '0989012345', '2023-04-20 02:55:50', '2023-04-20 02:55:50', 'employee'),
(10, 'employee9', '$2a$04$Lc/9YtFRye3r4iHzQ5.LAuRdrpCqcCFUAVh7XKH.cC.l9922J2UGS', 'active', 'Nguyen Thi K', 'employee9@example.com', '0990123456', '2023-04-20 02:55:50', '2023-04-20 02:55:50', 'employee'),
(11, 'user11', '$2a$04$Lc/9YtFRye3r4iHzQ5.LAuRdrpCqcCFUAVh7XKH.cC.l9922J2UGS', 'active', 'Nguyen Van A', 'user11@example.com', '0987654321', '2023-04-20 02:55:50', '2023-04-20 02:55:50', 'customer'),
(12, 'user12', '$2a$04$Lc/9YtFRye3r4iHzQ5.LAuRdrpCqcCFUAVh7XKH.cC.l9922J2UGS', 'active', 'Nguyen Van B', 'user12@example.com', '0987654322', '2023-04-20 02:55:50', '2023-04-20 02:55:50', 'customer'),
(13, 'user13', '$2a$04$Lc/9YtFRye3r4iHzQ5.LAuRdrpCqcCFUAVh7XKH.cC.l9922J2UGS', 'active', 'Nguyen Van C', 'user13@example.com', '0987654323', '2023-04-20 02:55:50', '2023-04-20 02:55:50', 'customer'),
(14, 'user14', '$2a$04$Lc/9YtFRye3r4iHzQ5.LAuRdrpCqcCFUAVh7XKH.cC.l9922J2UGS', 'active', 'Nguyen Van D', 'user14@example.com', '0987654324', '2023-04-20 02:55:50', '2023-04-20 02:55:50', 'customer'),
(15, 'user15', '$2a$04$Lc/9YtFRye3r4iHzQ5.LAuRdrpCqcCFUAVh7XKH.cC.l9922J2UGS', 'active', 'Nguyen Van E', 'user15@example.com', '0987654325', '2023-04-20 02:55:50', '2023-04-20 02:55:50', 'customer'),
(16, 'user16', '$2a$04$Lc/9YtFRye3r4iHzQ5.LAuRdrpCqcCFUAVh7XKH.cC.l9922J2UGS', 'active', 'Nguyen Van F', 'user16@example.com', '0987654326', '2023-04-20 02:55:50', '2023-04-20 02:55:50', 'customer'),
(17, 'user17', '$2a$04$Lc/9YtFRye3r4iHzQ5.LAuRdrpCqcCFUAVh7XKH.cC.l9922J2UGS', 'active', 'Nguyen Van G', 'user17@example.com', '0987654327', '2023-04-20 02:55:50', '2023-04-20 02:55:50', 'customer'),
(18, 'user18', '$2a$04$Lc/9YtFRye3r4iHzQ5.LAuRdrpCqcCFUAVh7XKH.cC.l9922J2UGS', 'active', 'Nguyen Van H', 'user18@example.com', '0987654328', '2023-04-20 02:55:50', '2023-04-20 02:55:50', 'customer'),
(19, 'user19', '$2a$04$Lc/9YtFRye3r4iHzQ5.LAuRdrpCqcCFUAVh7XKH.cC.l9922J2UGS', 'active', 'Nguyen Van I', 'user19@example.com', '0987654329', '2023-04-20 02:55:50', '2023-04-20 02:55:50', 'customer'),
(20, 'user20', '$2a$04$Lc/9YtFRye3r4iHzQ5.LAuRdrpCqcCFUAVh7XKH.cC.l9922J2UGS', 'active', 'Nguyen Van K', 'user20@example.com', '0987654330', '2023-04-20 02:55:50', '2023-04-20 02:55:50', 'customer'),
(21, 'user21', '$2a$04$Lc/9YtFRye3r4iHzQ5.LAuRdrpCqcCFUAVh7XKH.cC.l9922J2UGS', 'active', 'Nguyen Van L', 'user21@example.com', '0987654331', '2023-04-20 02:55:50', '2023-04-20 02:55:50', 'customer'),
(22, 'user22', '$2a$04$Lc/9YtFRye3r4iHzQ5.LAuRdrpCqcCFUAVh7XKH.cC.l9922J2UGS', 'active', 'Nguyen Van M', 'user22@example.com', '0987654332', '2023-04-20 02:55:50', '2023-04-20 02:55:50', 'customer'),
(23, 'user23', '$2a$04$Lc/9YtFRye3r4iHzQ5.LAuRdrpCqcCFUAVh7XKH.cC.l9922J2UGS', 'active', 'Nguyen Van N', 'user23@example.com', '0987654333', '2023-04-20 02:55:50', '2023-04-20 02:55:50', 'customer'),
(24, 'user24', '$2a$04$Lc/9YtFRye3r4iHzQ5.LAuRdrpCqcCFUAVh7XKH.cC.l9922J2UGS', 'active', 'Nguyen Van O', 'user24@example.com', '0987654334', '2023-04-20 02:55:50', '2023-04-20 02:55:50', 'customer'),
(25, 'user25', '$2a$04$Lc/9YtFRye3r4iHzQ5.LAuRdrpCqcCFUAVh7XKH.cC.l9922J2UGS', 'active', 'Nguyen Van P', 'user25@example.com', '0987654335', '2023-04-20 02:55:50', '2023-04-20 02:55:50', 'customer'),
(26, 'employee26', '$2a$04$Lc/9YtFRye3r4iHzQ5.LAuRdrpCqcCFUAVh7XKH.cC.l9922J2UGS', 'active', 'Nguyen Van Teo', 'teo.nguyen26@gmail.com', '0987654326', '2023-04-20 02:55:50', '2023-04-20 02:55:50', 'customer'),
(27, 'employee27', '$2a$04$Lc/9YtFRye3r4iHzQ5.LAuRdrpCqcCFUAVh7XKH.cC.l9922J2UGS', 'active', 'Tran Thi Anh', 'anh.tran27@gmail.com', '0987654327', '2023-04-20 02:55:50', '2023-04-20 02:55:50', 'customer'),
(28, 'employee28', '$2a$04$Lc/9YtFRye3r4iHzQ5.LAuRdrpCqcCFUAVh7XKH.cC.l9922J2UGS', 'active', 'Le Van Dung', 'dung.le28@gmail.com', '0987654328', '2023-04-20 02:55:50', '2023-04-20 02:55:50', 'customer'),
(29, 'employee29', '$2a$04$Lc/9YtFRye3r4iHzQ5.LAuRdrpCqcCFUAVh7XKH.cC.l9922J2UGS', 'active', 'Pham Minh Quang', 'quang.pham29@gmail.com', '0987654329', '2023-04-20 02:55:50', '2023-04-20 02:55:50', 'customer'),
(30, 'employee30', '$2a$04$Lc/9YtFRye3r4iHzQ5.LAuRdrpCqcCFUAVh7XKH.cC.l9922J2UGS', 'active', 'Tran Ngoc Ha', 'ha.tran30@gmail.com', '0987654330', '2023-04-20 02:55:50', '2023-04-20 02:55:50', 'customer'),
(31, 'employee31', '$2a$04$Lc/9YtFRye3r4iHzQ5.LAuRdrpCqcCFUAVh7XKH.cC.l9922J2UGS', 'active', 'Nguyen Thi Ngoc', 'ngoc.nguyen31@gmail.com', '0987654331', '2023-04-20 02:55:50', '2023-04-20 02:55:50', 'customer'),
(32, 'employee32', '$2a$04$Lc/9YtFRye3r4iHzQ5.LAuRdrpCqcCFUAVh7XKH.cC.l9922J2UGS', 'active', 'Phan Dinh Tung', 'tung.phan32@gmail.com', '0987654332', '2023-04-20 02:55:50', '2023-04-20 02:55:50', 'customer'),
(33, 'employee33', '$2a$04$Lc/9YtFRye3r4iHzQ5.LAuRdrpCqcCFUAVh7XKH.cC.l9922J2UGS', 'active', 'Le Thi Anh', 'anh.le33@gmail.com', '0987654333', '2023-04-20 02:55:50', '2023-04-20 02:55:50', 'customer'),
(34, 'employee34', '$2a$04$Lc/9YtFRye3r4iHzQ5.LAuRdrpCqcCFUAVh7XKH.cC.l9922J2UGS', 'active', 'Do Thi Minh', 'minh.do34@gmail.com', '0987654334', '2023-04-20 02:55:50', '2023-04-20 02:55:50', 'customer'),
(35, 'employee35', '$2a$04$Lc/9YtFRye3r4iHzQ5.LAuRdrpCqcCFUAVh7XKH.cC.l9922J2UGS', 'active', 'Nguyen Hoang Long', 'long.nguyen35@gmail.com', '0987654335', '2023-04-20 02:55:50', '2023-04-20 02:55:50', 'customer'),
(36, 'employee36', '$2a$04$Lc/9YtFRye3r4iHzQ5.LAuRdrpCqcCFUAVh7XKH.cC.l9922J2UGS', 'active', 'Pham Thi Diem', 'diem.pham36@gmail.com', '0987654336', '2023-04-20 02:55:50', '2023-04-20 02:55:50', 'customer'),
(37, 'employee37', '$2a$04$Lc/9YtFRye3r4iHzQ5.LAuRdrpCqcCFUAVh7XKH.cC.l9922J2UGS', 'active', 'Tran Van Hung', 'hung.tran37@gmail.com', '0987654337', '2023-04-20 02:55:50', '2023-04-20 02:55:50', 'customer'),
(38, 'employee38', '$2a$04$Lc/9YtFRye3r4iHzQ5.LAuRdrpCqcCFUAVh7XKH.cC.l9922J2UGS', 'active', 'Nguyen Minh Hieu', 'hieu.nguyen38@gmail.com', '0987654338', '2023-04-20 02:55:50', '2023-04-20 02:55:50', 'customer'),
(39, 'employee39', '$2a$04$Lc/9YtFRye3r4iHzQ5.LAuRdrpCqcCFUAVh7XKH.cC.l9922J2UGS', 'active', 'Le Thi Huyen', 'huyen.le39@gmail.com', '0987654339', '2023-04-20 02:55:50', '2023-04-20 02:55:50', 'customer'),
(40, 'employee40', '$2a$04$Lc/9YtFRye3r4iHzQ5.LAuRdrpCqcCFUAVh7XKH.cC.l9922J2UGS', 'active', 'Vu Thi Hong', 'hong.vu40@gmail.com', '0987654340', '2023-04-20 02:55:50', '2023-04-20 02:55:50', 'customer'),
(41, 'customer1', '$2a$04$Lc/9YtFRye3r4iHzQ5.LAuRdrpCqcCFUAVh7XKH.cC.l9922J2UGS', 'active', 'Nguyen Van Khanh', 'customer1@gmail.com', '0987654321', '2023-04-20 02:55:50', '2023-04-20 02:55:50', 'customer'),
(42, 'customer2', '$2a$04$Lc/9YtFRye3r4iHzQ5.LAuRdrpCqcCFUAVh7XKH.cC.l9922J2UGS', 'active', 'Nguyen Thi Ha', 'customer2@gmail.com', '0123456789', '2023-04-20 02:55:50', '2023-04-20 02:55:50', 'customer'),
(43, 'customer3', '$2a$04$Lc/9YtFRye3r4iHzQ5.LAuRdrpCqcCFUAVh7XKH.cC.l9922J2UGS', 'active', 'Tran Duc Thang', 'customer3@gmail.com', '0909090909', '2023-04-20 02:55:50', '2023-04-20 02:55:50', 'customer'),
(44, 'customer4', '$2a$04$Lc/9YtFRye3r4iHzQ5.LAuRdrpCqcCFUAVh7XKH.cC.l9922J2UGS', 'active', 'Le Van Minh', 'customer4@gmail.com', '0999999999', '2023-04-20 02:55:50', '2023-04-20 02:55:50', 'customer'),
(45, 'customer5', '$2a$04$Lc/9YtFRye3r4iHzQ5.LAuRdrpCqcCFUAVh7XKH.cC.l9922J2UGS', 'active', 'Nguyen Thi Lan Anh', 'customer5@gmail.com', '0888888888', '2023-04-20 02:55:50', '2023-04-20 02:55:50', 'customer'),
(46, 'customer6', '$2a$04$Lc/9YtFRye3r4iHzQ5.LAuRdrpCqcCFUAVh7XKH.cC.l9922J2UGS', 'active', 'Pham Thi Ngoc Anh', 'customer6@gmail.com', '0777777777', '2023-04-20 02:55:50', '2023-04-20 02:55:50', 'customer'),
(47, 'customer7', '$2a$04$Lc/9YtFRye3r4iHzQ5.LAuRdrpCqcCFUAVh7XKH.cC.l9922J2UGS', 'active', 'Nguyen Huu Dat', 'customer7@gmail.com', '0666666666', '2023-04-20 02:55:50', '2023-04-20 02:55:50', 'customer'),
(48, 'customer8', '$2a$04$Lc/9YtFRye3r4iHzQ5.LAuRdrpCqcCFUAVh7XKH.cC.l9922J2UGS', 'active', 'Tran Van Thanh', 'customer8@gmail.com', '0555555555', '2023-04-20 02:55:50', '2023-04-20 02:55:50', 'customer'),
(49, 'customer9', '$2a$04$Lc/9YtFRye3r4iHzQ5.LAuRdrpCqcCFUAVh7XKH.cC.l9922J2UGS', 'active', 'Nguyen Thi Thao', 'customer9@gmail.com', '0444444444', '2023-04-20 02:55:50', '2023-04-20 02:55:50', 'customer'),
(50, 'customer10', '$2a$04$Lc/9YtFRye3r4iHzQ5.LAuRdrpCqcCFUAVh7XKH.cC.l9922J2UGS', 'active', 'Le Thi Thu', 'customer10@gmail.com', '0333333333', '2023-04-20 02:55:50', '2023-04-20 02:55:50', 'customer'),
(51, 'customer11', '$2a$04$Lc/9YtFRye3r4iHzQ5.LAuRdrpCqcCFUAVh7XKH.cC.l9922J2UGS', 'active', 'Vo Thanh Trung', 'customer11@gmail.com', '0222222222', '2023-04-20 02:55:50', '2023-04-20 02:55:50', 'customer'),
(52, 'customer12', '$2a$04$Lc/9YtFRye3r4iHzQ5.LAuRdrpCqcCFUAVh7XKH.cC.l9922J2UGS', 'active', 'Dang Trung Hieu', 'customer12@gmail.com', '0111111111', '2023-04-20 02:55:50', '2023-04-20 02:55:50', 'customer'),
(53, 'customer13', '$2a$04$Lc/9YtFRye3r4iHzQ5.LAuRdrpCqcCFUAVh7XKH.cC.l9922J2UGS', 'active', 'Nguyen Thi Hang', 'customer13@gmail.com', '0777777777', '2023-04-20 02:55:50', '2023-04-20 02:55:50', 'customer'),
(54, 'customer14', '$2a$04$Lc/9YtFRye3r4iHzQ5.LAuRdrpCqcCFUAVh7XKH.cC.l9922J2UGS', 'active', 'Pham Thi Thuy', 'customer14@gmail.com', '0666666666', '2023-04-20 02:55:50', '2023-04-20 02:55:50', 'customer'),
(55, 'customer15', '$2a$04$Lc/9YtFRye3r4iHzQ5.LAuRdrpCqcCFUAVh7XKH.cC.l9922J2UGS', 'active', 'Le Thi Hoa', 'customer15@gmail.com', '0555555555', '2023-04-20 02:55:50', '2023-04-20 02:55:50', 'customer');
SET FOREIGN_KEY_CHECKS=1;
COMMIT;
